--==================
INSERT INTO employee (name, home_address, education, start_year) VALUES
('Иван Иванов', 'ул. Ленина, 10', 'Высшее техническое', '2015-06-01'),
('Мария Петрова', 'ул. Садовая, 25', 'Высшее экономическое', '2018-09-15'),
('Сергей Сидоров', 'ул. Мира, 33', 'Среднее специальное', '2020-03-22'),
('Алексей Смирнов', 'ул. Гагарина, 12', 'Высшее техническое', '2016-07-10'),
('Елена Кузнецова', 'ул. Пушкина, 45', 'Высшее экономическое', '2017-11-20'),
('Дмитрий Васильев', 'ул. Чехова, 8', 'Среднее специальное', '2019-04-05'),
('Ольга Новикова', 'ул. Лермонтова, 17', 'Высшее гуманитарное', '2021-08-30'),
('Павел Морозов', 'ул. Толстого, 22', 'Высшее техническое', '2022-01-15');

SELECT * FROM employee;
--==================



--==================
INSERT INTO post (name, respons) VALUES
('Инженер', 'Разработка и тестирование ПО'),
('Менеджер', 'Управление проектами и командой'),
('Аналитик', 'Анализ данных и составление отчетов'),
('Тестировщик', 'Тестирование программного обеспечения'),
('Дизайнер', 'Разработка пользовательских интерфейсов'),
('Бухгалтер', 'Ведение финансовой отчетности'),
('HR-менеджер', 'Подбор и управление персоналом'),
('Системный администратор', 'Обслуживание IT-инфраструктуры');

SELECT * FROM post;
--==================



--==================
INSERT INTO division (subsid_array, parent_id) VALUES
(ARRAY[2,3], NULL),
(ARRAY[4], 1),
(ARRAY[5], 2),
(ARRAY[6], 3),
(ARRAY[7,8], 4),
(ARRAY[9], 5),
(ARRAY[10], 6),
(ARRAY[11], 7),
(ARRAY[12], 8);

SELECT * FROM division;
--==================



--==================
INSERT INTO post_division (post_id, division_id) VALUES
(1, 1),
(2, 2),
(3, 3),
(4, 4),
(5, 5),
(6, 6),
(7, 7),
(8, 8);

SELECT * FROM post_division;
--==================



--==================
INSERT INTO employee_post_division (post_division_id, employee_id, hire_date, retire_date) VALUES
(1, 1, '2015-06-01', NULL),
(2, 2, '2018-09-15', NULL),
(3, 3, '2020-03-22', NULL),
(4, 4, '2016-07-10', NULL),
(5, 5, '2017-11-20', NULL),
(6, 6, '2019-04-05', NULL),
(7, 7, '2021-08-30', NULL),
(8, 8, '2022-01-15', NULL);

SELECT * FROM employee_post_division;
--==================